ID;FirstName;MiddleName;LastName;FullName;Gender;Manager
400001783;Frank;;Krause;Frank Krause;M;400000001
400000000;Sally;;Spring;Sally Spring;F;400001783
400000001;Susan;;Summer;Susan Summer;F;400000009
400000002;Franco;;Fall;Franco Fall;M;400000004
400000003;Walter;;Winter;Walter Winter;M;400000002
400000004;Maria;;Hicks;Maria Hicks;F;400000009
400000005;John;;Dash;John Dash;M;400000002
400000006;Viola;Sarah;Gains;Viola Gains;F;400000002
400000007;Randy;;Gordon;Randy Gordon;M;400000002
400000008;Paul;;Burke;Paul Burke;M;400000002
400000009;Michael;;Miller;Michael Miller;M;
400000010;John;;Nicols;John Nicols;M;400001783
400000011;John;;Smith;John Smith;M;400001783
400000012;Joanne;;Rush;Joanne Rush;F;400001783
400000013;Sue;;Bay;Sue Bay;F;400000014
400000014;James;;Field;James Field;M;400000020
400000015;Hermann;;Hecker;Hermann Hecker;M;400000014
400000016;Rudolf;;Platte;Rudolf Platte;M;400000014
400000017;Al;;Wallace;Al Wallace;M;400000014
400000018;Jonathan;;East;Jonathan East;M;400000014
400000019;James;;Smith;James Smith;M;400000014
400000020;Megan;;Wang;Megan Wang;F;400000009
400000021;Anna;;Lerch;Anna Lerch;F;400000020
400000022;Clark;;Kent;Clark Kent;M;400000021
400000023;Catherine;;Jones;Catherine Jones;F;400000021
400000024;Peter;;Douglas;Peter Douglas;M;400000021
400000025;Frank;;Brown;Frank Brown;M;400000021
400000026;Barbara;;Ingalls;Barbara Ingalls;F;400000021
400000027;Peter;;Fuchs;Peter Fuchs;M;400000021
400000028;Mary;;Watson;Mary Watson;F;400000021
400000029;Karl;;Kessler;Karl Kessler;M;400000021
400000030;Nora;;Dwyer;Nora Dwyer;F;400000037
400000031;Richard;;Fisher;Richard Fisher;M;400000037
400000032;Carol;;Aranda;Carol Aranda;F;400000037
400000033;Nam;Hui;Kim;Nam Kim;F;400000037
400000034;Felicity;;Chang;Felicity Chang;F;400000037
400000035;Crispin;;Perez;Crispin Perez;M;400000037
400000036;Yoshihiro;;Kimura;Yoshihiro Kimura;M;400000037
400000037;Christopher;;Ngo;Christopher Ngo;M;400000038
400000038;John;;Doe;John Doe;M;400000009